<?xml version="1.0" encoding="utf-8" ?><!DOCTYPE tv SYSTEM "">
<tv source-info-url="http://epg.it999.ru" source-info-name="EPG it999" source-info-logo="" generator-info-name="EPG it999 generator xmltv v2.1" generator-info-url="http://it999.ru">
<channel id="10079">
	<display-name lang="ru">DITV  Невский</display-name>
	<icon src="https://i.postimg.cc/fbc2Fg9M/1111.jpg" />
</channel>
<channel id="19022">
	<display-name lang="ru">Sky Sport F1 HD DE</display-name>
	<icon src="http://epg.one/img/4656.png" />
</channel>
<programme start="20250827230000 +0300" stop="20250827173000 +0300" channel="10079">
	<title lang="ru">&quot;Невский - Серия 1 сезон 4.</title>
	<desc lang="ru">&quot;Невский - Серия 1 сезон 4...</desc>
</programme>
<programme start="20250827003000 +0300" stop="20250820012000 +0300" channel="10079">
	<title lang="ru">Невский.</title>
	<desc lang="ru">&quot;Невский.</desc>
